﻿<?xml version="1.0" encoding="utf-8" ?>
<resources>
  <style name="Theme.DesignDemo" parent="Base.Theme.DesignDemo">
  </style>

  <style name="Base.Theme.DesignDemo" parent="Theme.AppCompat.Light.NoActionBar">
    <item name="colorPrimary">@color/ColorPrimary</item>
    <item name="colorPrimaryDark">@color/ColorPrimaryDark</item>
    <!--<item name="colorAccent">#FF4081</item>
    <item name="android:windowBackground">@color/window_background</item>-->
  </style>

  <style name="MyCustomTabLayout" parent="Widget.Design.TabLayout">
    <item name="tabTextColor">#707070</item>
    <item name="tabSelectedTextColor">#00A859</item>
    <item name="tabIndicatorColor">#00A859</item>
    <item name="android:textStyle">bold</item>
    <item name="tabTextAppearance">@style/TextAppearance.AppCompat.Subhead.Inverse</item>
  </style>
</resources>